时间,预测电力,真实电力,预测天气
2021-07-19 00:00:00,2411.617,2610.0,22.787650130112507
2021-07-19 01:00:00,2480.8894,2533.0,25.186090542770277
2021-07-19 02:00:00,2463.3848,2529.0,25.404944002126243
2021-07-19 03:00:00,2521.0854,2551.0,24.45449057447371
2021-07-19 04:00:00,2355.104,2632.0,20.407174631601958
2021-07-19 05:00:00,2646.1997,2920.0,23.78186728787734
2021-07-19 06:00:00,3207.2717,3478.0,26.835355262526924
2021-07-19 07:00:00,4277.63,4206.0,30.22169704595818
2021-07-19 08:00:00,4358.4536,4787.0,30.71525510461727
2021-07-19 09:00:00,4599.6074,5050.0,30.054387988523683
2021-07-19 10:00:00,4527.85,5231.0,29.282751023493596
2021-07-19 11:00:00,4950.883,5226.0,33.55102847204454
2021-07-19 12:00:00,4834.9614,5378.0,31.025378713856036
2021-07-19 13:00:00,4967.7676,5407.0,37.177856447239506
2021-07-19 14:00:00,4820.219,5360.0,31.11447122966011
2021-07-19 15:00:00,5309.29,5274.0,32.520956822113
2021-07-19 16:00:00,4349.313,5024.0,28.809623446754593
2021-07-19 17:00:00,3963.8894,4759.0,27.519772039242152
2021-07-19 18:00:00,4009.4526,4533.0,27.64758934786892
2021-07-19 19:00:00,3600.3215,4204.0,26.734899326715976
2021-07-19 20:00:00,4548.6577,3892.0,29.764593667248498
2021-07-19 21:00:00,3385.9062,3653.0,26.732054361765638
2021-07-19 22:00:00,4115.3584,3394.0,27.78319183020762
2021-07-19 23:00:00,3864.6511,3085.0,27.3103860932867
2021-07-20 00:00:00,2747.8875,2876.0,26.42030006237938
2021-07-20 01:00:00,2716.3308,2790.0,26.289579754701847
2021-07-20 02:00:00,2612.6255,2763.0,25.251357011067302
2021-07-20 03:00:00,2834.2512,2777.0,26.246667299522624
2021-07-20 04:00:00,3593.9338,2814.0,28.29585099408532
2021-07-20 05:00:00,2798.7617,3080.0,24.64200648811111
2021-07-20 06:00:00,3875.3562,3600.0,28.714890339274817
2021-07-20 07:00:00,4586.4297,4301.0,33.28318358152451
2021-07-20 08:00:00,4812.696,4802.0,33.52288753062982
2021-07-20 09:00:00,4902.665,5036.0,31.809116932432932
2021-07-20 10:00:00,4975.4736,5211.0,34.39223886243633
2021-07-20 11:00:00,4637.474,5187.0,29.55968093269384
2021-07-20 12:00:00,5344.88,5313.0,35.56205947839867
2021-07-20 13:00:00,4834.903,5337.0,31.000823025234922
2021-07-20 14:00:00,5364.876,5281.0,34.682526612352916
2021-07-20 15:00:00,5345.7563,5154.0,33.87491027321955
2021-07-20 16:00:00,4433.782,4791.0,28.750238838223236
2021-07-20 17:00:00,4784.54,4565.0,30.355449450240588
2021-07-20 18:00:00,4187.08,4384.0,28.204133633405103
2021-07-20 19:00:00,4670.572,4085.0,30.204107087078587
2021-07-20 20:00:00,4659.8447,3796.0,30.08132354856964
2021-07-20 21:00:00,3004.7083,3583.0,22.350523647435256
2021-07-20 22:00:00,3407.8167,3334.0,26.895889907199766
2021-07-20 23:00:00,4093.8489,3028.0,28.319973303095935
2021-07-21 00:00:00,2778.4102,2821.0,26.201009220020048
2021-07-21 01:00:00,3647.4338,2730.0,28.0516333936132
2021-07-21 02:00:00,2781.8474,2714.0,25.90032144885476
2021-07-21 03:00:00,2677.6929,2715.0,25.015435873767956
2021-07-21 04:00:00,3876.2983,2759.0,28.568925719676578
2021-07-21 05:00:00,3890.8076,3002.0,28.963814645730753
2021-07-21 06:00:00,3387.117,3490.0,26.811816547819312
2021-07-21 07:00:00,4319.7363,4174.0,31.344584115969635
2021-07-21 08:00:00,4440.611,4715.0,30.166111267989585
2021-07-21 09:00:00,4702.2544,4955.0,33.772465912559774
2021-07-21 10:00:00,4831.0483,5093.0,35.988320828883936
2021-07-21 11:00:00,4964.3867,5068.0,35.27721629963768
2021-07-21 12:00:00,4983.6606,5236.0,31.20803744395917
2021-07-21 13:00:00,5093.5254,5188.0,32.251141095738745
2021-07-21 14:00:00,5323.5337,5164.0,35.13127073562217
2021-07-21 15:00:00,5171.396,5007.0,33.1818789714342
2021-07-21 16:00:00,4973.6743,4692.0,31.764968365984114
2021-07-21 17:00:00,4691.0884,4480.0,30.748091625671087
2021-07-21 18:00:00,3711.6465,4317.0,25.326844650844443
2021-07-21 19:00:00,3998.9836,4020.0,27.961657831482587
2021-07-21 20:00:00,4007.3542,3742.0,28.08577959137349
2021-07-21 21:00:00,3357.772,3535.0,25.877769268457016
2021-07-21 22:00:00,3969.9216,3300.0,28.006563123896253
2021-07-21 23:00:00,3065.2085,3016.0,26.235670796521017
2021-07-22 00:00:00,3489.6355,2814.0,27.335639349595112
2021-07-22 01:00:00,2633.4175,2715.0,25.106042665538467
2021-07-22 02:00:00,2688.3362,2691.0,25.396412650923224
2021-07-22 03:00:00,2597.7368,2682.0,23.842717911296155
2021-07-22 04:00:00,2802.3745,2687.0,26.18947156174853
2021-07-22 05:00:00,2765.6553,2820.0,23.293368930335816
2021-07-22 06:00:00,3256.2866,3146.0,25.933764611695647
2021-07-22 07:00:00,4116.1006,3642.0,29.704569498599696
2021-07-22 08:00:00,4464.301,4092.0,31.63232877692855
2021-07-22 09:00:00,4318.0386,4331.0,30.781975304511402
2021-07-22 10:00:00,4446.924,4475.0,35.400648590427
2021-07-22 11:00:00,4347.0376,4479.0,35.23802711043789
2021-07-22 12:00:00,4425.2954,4538.0,33.78749945102608
2021-07-22 13:00:00,4583.3423,4570.0,34.4349494509916
2021-07-22 14:00:00,4528.784,4535.0,32.351726281963685
2021-07-22 15:00:00,4429.5063,4410.0,30.69698922352886
2021-07-22 16:00:00,4234.308,4274.0,29.30672795355961
2021-07-22 17:00:00,4266.5884,4176.0,30.181566556546823
2021-07-22 18:00:00,4039.2803,4089.0,28.62066839195706
2021-07-22 19:00:00,3852.1047,3847.0,27.989232757666553
2021-07-22 20:00:00,3165.3792,3613.0,23.64778582354942
2021-07-22 21:00:00,3162.5398,3385.0,25.089466041818074
2021-07-22 22:00:00,3146.3213,3179.0,26.73039824607626
2021-07-22 23:00:00,4221.207,2916.0,30.38436647242019
2021-07-23 00:00:00,3345.3142,2726.0,28.168890763048587
2021-07-23 01:00:00,2837.6775,2642.0,26.7998452695052
2021-07-23 02:00:00,2486.6782,2620.0,21.56351436801354
2021-07-23 03:00:00,2845.5142,2607.0,26.795585717417783
2021-07-23 04:00:00,2625.771,2624.0,24.096588792282272
2021-07-23 05:00:00,2999.7861,2752.0,26.328360862948223
2021-07-23 06:00:00,3330.4465,3077.0,27.437533998660786
2021-07-23 07:00:00,3955.649,3555.0,30.6984069535901
2021-07-23 08:00:00,4288.769,3932.0,29.572219584758273
2021-07-23 09:00:00,4311.6646,4117.0,29.52996079137889
2021-07-23 10:00:00,4488.203,4275.0,32.3473513473331
2021-07-23 11:00:00,4329.196,4353.0,32.01608224284838
2021-07-23 12:00:00,4519.836,4392.0,34.05230495048793
2021-07-23 13:00:00,4465.489,4425.0,33.949183577560945
2021-07-23 14:00:00,4483.2173,4364.0,34.815453274562415
2021-07-23 15:00:00,4241.45,4266.0,29.841400460902033
2021-07-23 16:00:00,4311.308,4120.0,31.825671538001938
2021-07-23 17:00:00,4116.4326,4050.0,31.009417591851133
2021-07-23 18:00:00,4020.7593,3990.0,28.386004184810062
2021-07-23 19:00:00,4029.1155,3730.0,30.399666912710128
2021-07-23 20:00:00,3239.5981,3518.0,24.376835476846587
2021-07-23 21:00:00,3191.14,3331.0,25.12833888183711
2021-07-23 22:00:00,3080.731,3160.0,25.58839768858759
2021-07-23 23:00:00,2708.6157,2898.0,23.049599093915138
2021-07-24 00:00:00,2708.133,2679.0,24.731214043406833
2021-07-24 01:00:00,3056.7927,2587.0,28.426634436876437
2021-07-24 02:00:00,2591.7961,2567.0,24.719503625851516
2021-07-24 03:00:00,3058.2065,2560.0,27.784248923455433
2021-07-24 04:00:00,2471.145,2555.0,22.453823847344946
2021-07-24 05:00:00,2715.3525,2657.0,26.406390615137834
2021-07-24 06:00:00,2805.1,2949.0,25.310081836188758
2021-07-24 07:00:00,3237.095,3368.0,27.499696892875402
2021-07-24 08:00:00,3469.204,3757.0,26.89291973288961
2021-07-24 09:00:00,3869.125,3973.0,29.80749138592107
2021-07-24 10:00:00,4113.3433,4111.0,31.384834733956357
2021-07-24 11:00:00,4173.884,4177.0,32.39950906562717
2021-07-24 12:00:00,3904.84,4212.0,29.409785788046033
2021-07-24 13:00:00,4189.486,4217.0,33.24429007678593
2021-07-24 14:00:00,4063.2432,4178.0,31.127360847197604
2021-07-24 15:00:00,4178.3394,4112.0,33.00711607144264
2021-07-24 16:00:00,4141.36,4045.0,35.88092516858771
2021-07-24 17:00:00,3878.4553,3956.0,28.010004234430767
2021-07-24 18:00:00,4027.5706,3870.0,30.402487722532108
2021-07-24 19:00:00,3817.8145,3647.0,29.57756695077068
2021-07-24 20:00:00,3553.2996,3411.0,28.271494883177308
2021-07-24 21:00:00,3495.1099,3231.0,28.260777581449695
2021-07-24 22:00:00,3728.553,3042.0,29.9888334591074
2021-07-24 23:00:00,3305.7275,2790.0,27.466767790918656
2021-07-25 00:00:00,2334.2935,2595.0,21.43584715763966
2021-07-25 01:00:00,2533.7585,2509.0,26.260081189317667
2021-07-25 02:00:00,2499.8928,2482.0,24.02942410721305
2021-07-25 03:00:00,3025.5305,2475.0,29.162193654748343
2021-07-25 04:00:00,2726.862,2472.0,26.910876307139482
2021-07-25 05:00:00,2499.5417,2560.0,24.08166712676709
2021-07-25 06:00:00,2948.4663,2819.0,28.418124426303528
2021-07-25 07:00:00,3149.418,3186.0,27.65581004249964
2021-07-25 08:00:00,3639.7441,3561.0,29.946766446093097
2021-07-25 09:00:00,3822.0002,3791.0,31.776259671435398
2021-07-25 10:00:00,4007.202,3940.0,32.9965852831113
2021-07-25 11:00:00,4074.8728,4030.0,33.324164819927695
2021-07-25 12:00:00,4054.7603,4065.0,34.338584276200194
2021-07-25 13:00:00,4056.5083,4061.0,32.904182605490334
2021-07-25 14:00:00,4057.4414,4046.0,32.04609900664058
2021-07-25 15:00:00,4045.799,4029.0,31.52955571051476
2021-07-25 16:00:00,3910.1157,4010.0,29.519139528776503
2021-07-25 17:00:00,3720.6265,3968.0,27.100124433726243
2021-07-25 18:00:00,3918.3586,3908.0,28.463331237347415
2021-07-25 19:00:00,3389.0244,3697.0,25.37392000765024
2021-07-25 20:00:00,4045.3933,3461.0,32.34268635577395
2021-07-25 21:00:00,3658.425,3260.0,28.697990965352627
2021-07-25 22:00:00,2969.0024,3052.0,25.31118131457637
2021-07-25 23:00:00,2722.3645,2781.0,24.790284456651513
2021-07-26 00:00:00,2499.6511,2599.0,23.45048532351909
2021-07-26 01:00:00,3266.3171,2524.0,27.30385263855463
2021-07-26 02:00:00,2521.6233,2519.0,24.074777183297005
2021-07-26 03:00:00,2535.9023,2534.0,26.084787817236425
2021-07-26 04:00:00,3049.6,2599.0,26.910219343329462
2021-07-26 05:00:00,3187.1973,2847.0,27.106597297022027
2021-07-26 06:00:00,3577.701,3342.0,28.76991040502788
2021-07-26 07:00:00,3781.773,4003.0,26.84871456202737
2021-07-26 08:00:00,4492.979,4513.0,30.892885325422146
2021-07-26 09:00:00,4141.4424,4723.0,26.881168237992604
2021-07-26 10:00:00,4781.853,4775.0,31.19761815221419
2021-07-26 11:00:00,4973.174,4619.0,31.471366663638392
2021-07-26 12:00:00,4969.9717,4723.0,31.730291932918107
2021-07-26 13:00:00,5130.59,4719.0,33.24580264860185
2021-07-26 14:00:00,5092.3423,4530.0,32.89840146165915
2021-07-26 15:00:00,4650.7554,4469.0,30.969035029873908
2021-07-26 16:00:00,5003.3003,4290.0,34.86565596857308
2021-07-26 17:00:00,3905.9812,4208.0,26.57393545126961
2021-07-26 18:00:00,4658.078,4082.0,30.07343546308348
2021-07-26 19:00:00,4590.7734,3830.0,29.867988757679722
2021-07-26 20:00:00,3388.6992,3568.0,25.3887843567635
2021-07-26 21:00:00,3932.4626,3375.0,28.179156249135026
2021-07-26 22:00:00,3222.5752,3165.0,25.78531930255585
2021-07-26 23:00:00,3528.9353,2861.0,28.484286905649476
2021-07-27 00:00:00,3876.6785,2638.0,28.59896040805737
2021-07-27 01:00:00,2704.5374,2567.0,24.636553197594626
2021-07-27 02:00:00,2571.7244,2561.0,21.509378994584416
2021-07-27 03:00:00,2699.482,2578.0,24.511797467894265
2021-07-27 04:00:00,2602.285,2636.0,21.683959743035416
2021-07-27 05:00:00,2868.5955,2816.0,24.46611704058285
2021-07-27 06:00:00,3563.3481,3144.0,27.49920598951101
2021-07-27 07:00:00,4071.6135,3627.0,27.82264830889045
2021-07-27 08:00:00,4712.2627,3987.0,29.395978982812657
2021-07-27 09:00:00,4751.091,4100.0,30.416839524267154
2021-07-27 10:00:00,4741.1777,4198.0,31.092353812853595
2021-07-27 11:00:00,4109.5405,4075.0,26.38588001815311
2021-07-27 12:00:00,4180.5586,4197.0,26.71643055478955
2021-07-27 13:00:00,5121.4116,4311.0,33.09183572685675
2021-07-27 14:00:00,4347.262,4408.0,26.973022488051022
2021-07-27 15:00:00,4604.5547,4443.0,29.496480580128424
2021-07-27 16:00:00,4560.039,4290.0,30.952832958912317
2021-07-27 17:00:00,3868.7085,4183.0,23.327932571034637
2021-07-27 18:00:00,3815.1934,4052.0,23.885191186479563
2021-07-27 19:00:00,4056.9348,3786.0,27.310451666745767
2021-07-27 20:00:00,3204.348,3545.0,23.27472255727463
2021-07-27 21:00:00,3802.3167,3357.0,28.71571306074298
2021-07-27 22:00:00,3828.7236,3153.0,28.67290776402507
2021-07-27 23:00:00,2911.7605,2881.0,26.260524276516865
2021-07-28 00:00:00,2499.6523,2688.0,18.654988616118644
2021-07-28 01:00:00,2775.0452,2613.0,26.701330643853407
2021-07-28 02:00:00,2487.4365,2616.0,21.104260245502807
2021-07-28 03:00:00,2592.377,2625.0,22.73840318320093
2021-07-28 04:00:00,2622.2307,2676.0,22.617762587646688
2021-07-28 05:00:00,2790.2441,2873.0,23.581157971119826
2021-07-28 06:00:00,3019.0583,3340.0,21.187078959393236
2021-07-28 07:00:00,4026.641,4042.0,27.449820153178464
2021-07-28 08:00:00,4038.3958,4594.0,23.539120814577704
2021-07-28 09:00:00,4073.1914,4810.0,23.09704493838183
2021-07-28 10:00:00,4194.437,4945.0,25.716740153936946
2021-07-28 11:00:00,4223.972,4883.0,26.272544860860116
2021-07-28 12:00:00,4228.485,5000.0,23.625634788379895
2021-07-28 13:00:00,4398.4604,5049.0,26.753742367067524
2021-07-28 14:00:00,4364.238,5017.0,27.92027853105578
2021-07-28 15:00:00,4636.918,4942.0,28.976168404484984
2021-07-28 16:00:00,3994.718,4612.0,25.57812532179147
2021-07-28 17:00:00,4889.709,4415.0,31.802811779778814
2021-07-28 18:00:00,4177.5327,4252.0,27.658249359836432
2021-07-28 19:00:00,3863.8357,3964.0,27.220034680049764
2021-07-28 20:00:00,3981.8057,3684.0,28.428833705032257
2021-07-28 21:00:00,4269.2026,3474.0,29.38603350309919
2021-07-28 22:00:00,4490.642,3249.0,29.531533004579007
2021-07-28 23:00:00,3362.1282,2962.0,27.41878162584592
2021-07-29 00:00:00,3386.98,2777.0,27.692188468545847
2021-07-29 01:00:00,2605.9998,2699.0,23.949860183563853
2021-07-29 02:00:00,2598.5527,2684.0,23.97860332082089
2021-07-29 03:00:00,2716.2249,2697.0,25.413724957374523
2021-07-29 04:00:00,2626.6309,2739.0,22.690970333012558
2021-07-29 05:00:00,3342.187,2945.0,27.73643302141426
2021-07-29 06:00:00,3709.8477,3374.0,29.28136058206382
2021-07-29 07:00:00,3805.357,3979.0,26.128984977904718
2021-07-29 08:00:00,4361.9365,4515.0,31.73609579641583
2021-07-29 09:00:00,4513.9526,4723.0,31.68988605655957
2021-07-29 10:00:00,4529.281,4911.0,28.56958688747229
2021-07-29 11:00:00,4849.8276,4917.0,31.26491082685792
2021-07-29 12:00:00,4389.231,5011.0,28.999540923109482
2021-07-29 13:00:00,4875.1226,5029.0,34.41244850342283
2021-07-29 14:00:00,4964.762,4869.0,33.116704153682115
2021-07-29 15:00:00,4832.815,4691.0,29.740463210567448
2021-07-29 16:00:00,4584.0713,4489.0,29.141776845608085
2021-07-29 17:00:00,4533.0566,4339.0,28.651332819275122
2021-07-29 18:00:00,4327.068,4189.0,28.482870127298472
2021-07-29 19:00:00,3506.1055,3910.0,25.190757682117397
2021-07-29 20:00:00,3576.0684,3653.0,26.932374510911
2021-07-29 21:00:00,4481.8486,3450.0,30.504255725288438
2021-07-29 22:00:00,3208.5671,3241.0,26.60604512890863
2021-07-29 23:00:00,4391.4653,2965.0,28.965019275391228
2021-07-30 00:00:00,3509.5703,2784.0,27.643326077083117
2021-07-30 01:00:00,2615.215,2701.0,24.579123770303248
2021-07-30 02:00:00,2643.3452,2688.0,24.328185012391806
2021-07-30 03:00:00,2692.519,2703.0,26.034097902723712
2021-07-30 04:00:00,3538.9778,2743.0,27.44778246767947
2021-07-30 05:00:00,3034.468,2944.0,27.13901856230656
2021-07-30 06:00:00,4585.596,3371.0,31.42972770319737
2021-07-30 07:00:00,3843.7932,3958.0,27.459539720688138
2021-07-30 08:00:00,4042.3044,4385.0,25.2647068173696
2021-07-30 09:00:00,4659.684,4542.0,29.43301429710698
2021-07-30 10:00:00,4765.883,4634.0,33.77466619382082
2021-07-30 11:00:00,4773.3423,4521.0,34.598625325773654
2021-07-30 12:00:00,4530.2847,4580.0,26.751568785313367
2021-07-30 13:00:00,4887.5464,4530.0,31.65573456118223
2021-07-30 14:00:00,4760.937,4476.0,32.765445206396876
2021-07-30 15:00:00,4712.7476,4475.0,29.765623998538846
2021-07-30 16:00:00,4435.3213,4306.0,30.713937821941744
2021-07-30 17:00:00,4412.485,4171.0,29.92288073114705
2021-07-30 18:00:00,4217.778,4035.0,28.398552191618936
2021-07-30 19:00:00,4194.522,3776.0,28.926365557525944
2021-07-30 20:00:00,3795.3848,3524.0,28.35320297864892
2021-07-30 21:00:00,3413.4805,3348.0,26.443010575649115
2021-07-30 22:00:00,3281.7932,3142.0,26.97898635623172
2021-07-30 23:00:00,2945.833,2884.0,26.79752668301922
2021-07-31 00:00:00,2654.9526,2686.0,23.472965440142737
2021-07-31 01:00:00,2640.7004,2605.0,26.100254117943987
2021-07-31 02:00:00,2598.8894,2582.0,23.797676407539146
2021-07-31 03:00:00,2625.4343,2569.0,25.555122959523818
2021-07-31 04:00:00,2658.8435,2557.0,25.843861037753722
2021-07-31 05:00:00,2709.4302,2640.0,24.79469417872042
2021-07-31 06:00:00,2877.0247,2871.0,23.453040817595785
2021-07-31 07:00:00,3341.5383,3268.0,26.352730550063615
2021-07-31 08:00:00,3488.2275,3675.0,25.14631503897934
2021-07-31 09:00:00,3580.1611,3894.0,23.22035030003903
2021-07-31 10:00:00,3618.909,4022.0,25.02050228289283
2021-07-31 11:00:00,3922.2751,4079.0,29.07618247525968
2021-07-31 12:00:00,3595.953,4155.0,23.527747855152924
2021-07-31 13:00:00,4145.2075,4152.0,31.30451793876377
2021-07-31 14:00:00,3589.7375,4128.0,25.54486638644571
2021-07-31 15:00:00,3691.2097,4096.0,26.91990938775239
2021-07-31 16:00:00,3936.9153,3992.0,28.504283726191343
2021-07-31 17:00:00,3430.544,3888.0,25.44766823931275
2021-07-31 18:00:00,3417.6184,3783.0,25.59935931149577
2021-07-31 19:00:00,3747.1377,3558.0,28.473103008661862
2021-07-31 20:00:00,3235.0464,3345.0,24.308272076826455
2021-07-31 21:00:00,3133.1968,3181.0,23.591999625410704
2021-07-31 22:00:00,2926.8347,3013.0,23.845627827255985
2021-07-31 23:00:00,2849.788,2775.0,26.148029952009033
2021-08-01 00:00:00,2431.7249,2583.0,22.539945261219657
2021-08-01 01:00:00,2431.0598,2505.0,24.23736853060069
2021-08-01 02:00:00,3101.1733,2487.0,28.62020874497256
2021-08-01 03:00:00,2355.0464,2482.0,20.136621225192528
2021-08-01 04:00:00,2506.7666,2466.0,26.520540098062323
2021-08-01 05:00:00,2557.884,2547.0,25.815995481841323
2021-08-01 06:00:00,2671.189,2819.0,24.695220998644096
2021-08-01 07:00:00,2987.911,3217.0,25.106364733349125
2021-08-01 08:00:00,3235.6948,3637.0,25.858592277687354
2021-08-01 09:00:00,3591.2034,3917.0,28.813497789144034
2021-08-01 10:00:00,3836.9707,4102.0,30.173281912873833
2021-08-01 11:00:00,4046.5967,4224.0,32.416001214181584
2021-08-01 12:00:00,4132.826,4258.0,31.35454312353534
2021-08-01 13:00:00,4229.7144,4262.0,32.5324323823209
2021-08-01 14:00:00,4231.26,4247.0,33.62161509628873
2021-08-01 15:00:00,4207.2676,4195.0,33.46548982030177
2021-08-01 16:00:00,4182.9116,4161.0,34.509023111574436
2021-08-01 17:00:00,4081.0884,4106.0,29.73015515678429
2021-08-01 18:00:00,3421.9912,4023.0,23.312960413515057
2021-08-01 19:00:00,3859.888,3795.0,28.980392206849096
2021-08-01 20:00:00,3062.8396,3551.0,22.97401543537557
2021-08-01 21:00:00,3547.9363,3330.0,28.17444849823255
2021-08-01 22:00:00,2987.8213,3122.0,25.455716108057448
2021-08-01 23:00:00,3513.7473,2852.0,27.747540504953204
2021-08-02 00:00:00,2488.9182,2661.0,23.878772625534832
2021-08-02 01:00:00,2445.9329,2580.0,22.748859119665205
2021-08-02 02:00:00,2507.7932,2569.0,24.68649734733255
2021-08-02 03:00:00,2561.544,2598.0,25.947758428956632
2021-08-02 04:00:00,2541.2917,2676.0,23.653840813600073
2021-08-02 05:00:00,3641.643,2971.0,28.088509983521448
2021-08-02 06:00:00,3307.511,3533.0,27.008742645260416
2021-08-02 07:00:00,4259.941,4277.0,30.866262529754447
2021-08-02 08:00:00,4756.499,4795.0,31.16441584849235
2021-08-02 09:00:00,5261.9546,5000.0,34.12389153427676
2021-08-02 10:00:00,4932.929,5104.0,30.516132438381973
2021-08-02 11:00:00,5273.179,5058.0,32.64042286605913
2021-08-02 12:00:00,4355.0938,5156.0,27.683037848138486
2021-08-02 13:00:00,5295.9717,5099.0,35.70077283299575
2021-08-02 14:00:00,5111.6836,4955.0,31.430684493211324
2021-08-02 15:00:00,4935.484,4843.0,30.559966040750567
2021-08-02 16:00:00,4078.3691,4625.0,27.49136916047032
2021-08-02 17:00:00,4532.0083,4545.0,28.652571410874778
2021-08-02 18:00:00,3814.0793,4395.0,22.993231969551594
2021-08-02 19:00:00,3668.0605,4115.0,26.131456896561104
2021-08-02 20:00:00,3945.9607,3850.0,28.19139690740061
2021-08-02 21:00:00,4604.974,3658.0,30.395000489353702
2021-08-02 22:00:00,3304.7822,3430.0,27.055663821519392
2021-08-02 23:00:00,2786.981,3140.0,21.8581777368075
2021-08-03 00:00:00,3339.8838,2924.0,27.51450740585374
2021-08-03 01:00:00,4301.89,2836.0,29.880722569799985
2021-08-03 02:00:00,2549.2185,2817.0,23.962112246534463
2021-08-03 03:00:00,2788.4321,2834.0,26.13367828445714
2021-08-03 04:00:00,4372.3193,2878.0,30.39907422959106
2021-08-03 05:00:00,3429.1067,3142.0,27.521766341716795
2021-08-03 06:00:00,4208.5464,3661.0,29.73498875815735
2021-08-03 07:00:00,4464.2236,4307.0,30.584880577371983
2021-08-03 08:00:00,4651.962,4799.0,29.282335969088926
2021-08-03 09:00:00,4214.6514,5032.0,25.98276136172743
2021-08-03 10:00:00,4961.438,5156.0,30.054974399602898
2021-08-03 11:00:00,5099.5747,5138.0,31.987095465390517
2021-08-03 12:00:00,4837.7134,5261.0,28.928288083696692
2021-08-03 13:00:00,4998.8438,5283.0,29.725649833183212
2021-08-03 14:00:00,4694.1836,5240.0,29.11230316658685
2021-08-03 15:00:00,5097.585,5202.0,31.343591657675855
2021-08-03 16:00:00,4007.5535,4982.0,27.012873330436474
2021-08-03 17:00:00,4789.077,4766.0,30.15886628834285
2021-08-03 18:00:00,3794.8057,4556.0,25.721876419862404
2021-08-03 19:00:00,4121.327,4232.0,28.530817800326048
2021-08-03 20:00:00,3329.2502,3939.0,24.784773138443285
2021-08-03 21:00:00,4297.3364,3734.0,29.391811744733594
2021-08-03 22:00:00,3202.5417,3500.0,25.737632371279766
2021-08-03 23:00:00,3008.5708,3184.0,25.99597008132558
2021-08-04 00:00:00,2848.1106,2962.0,26.685759439575865
2021-08-04 01:00:00,4621.107,2862.0,31.444875110378117
2021-08-04 02:00:00,3636.41,2824.0,28.069011552740715
2021-08-04 03:00:00,2781.8743,2831.0,26.517952118297217
2021-08-04 04:00:00,3960.1838,2886.0,29.123930149393875
2021-08-04 05:00:00,4316.9062,3138.0,30.234728200653493
2021-08-04 06:00:00,3318.9902,3653.0,26.346713865660547
2021-08-04 07:00:00,4313.583,4347.0,29.689032245084164
2021-08-04 08:00:00,4617.83,4861.0,27.92592643023132
2021-08-04 09:00:00,5139.778,5123.0,31.980684152347404
2021-08-04 10:00:00,5194.5615,5313.0,32.520259176490974
2021-08-04 11:00:00,5126.1646,5312.0,32.08253146659039
2021-08-04 12:00:00,5322.4043,5440.0,33.37472814048441
2021-08-04 13:00:00,5230.3794,5451.0,32.05978307970362
2021-08-04 14:00:00,5377.0103,5417.0,35.36382597824358
2021-08-04 15:00:00,5185.4927,5379.0,32.328581285091694
2021-08-04 16:00:00,4895.6367,5134.0,30.502172624190678
2021-08-04 17:00:00,4531.8364,4891.0,28.714279652932678
2021-08-04 18:00:00,4334.758,4653.0,27.819603978761535
2021-08-04 19:00:00,3552.8394,4290.0,25.29590700576708
2021-08-04 20:00:00,4153.042,3969.0,29.075502551034848
2021-08-04 21:00:00,4588.832,3722.0,29.500167189491172
2021-08-04 22:00:00,3138.3857,3455.0,25.02708095002886
2021-08-04 23:00:00,4547.3223,3133.0,29.69859088327694
2021-08-05 00:00:00,2873.9749,2911.0,26.70222280479792
2021-08-05 01:00:00,4179.647,2811.0,29.517532490784234
2021-08-05 02:00:00,2827.4011,2769.0,25.807417643769533
2021-08-05 03:00:00,2701.2002,2767.0,23.935913061745417
2021-08-05 04:00:00,2831.345,2821.0,26.231015569976748
2021-08-05 05:00:00,3038.7842,3071.0,26.909863859833315
2021-08-05 06:00:00,3429.339,3566.0,28.113692496776746
2021-08-05 07:00:00,4120.8726,4292.0,29.495128615074755
2021-08-05 08:00:00,4419.9395,4894.0,30.322779404890152
2021-08-05 09:00:00,4748.333,5169.0,32.00076188197821
2021-08-05 10:00:00,4791.8584,5337.0,30.335440745482188
2021-08-05 11:00:00,5085.52,5321.0,33.207788937199034
2021-08-05 12:00:00,5319.6553,5453.0,33.845945099729335
2021-08-05 13:00:00,5151.4785,5447.0,32.0577135026993
2021-08-05 14:00:00,5394.9126,5428.0,34.47149154638468
2021-08-05 15:00:00,5395.7603,5365.0,34.74150975990412
2021-08-05 16:00:00,4803.6895,5087.0,30.51335765156154
2021-08-05 17:00:00,4883.952,4852.0,30.891812031954096
2021-08-05 18:00:00,4714.2515,4635.0,29.691259718743485
2021-08-05 19:00:00,4479.7837,4268.0,29.376541205548634
2021-08-05 20:00:00,4404.9946,3953.0,29.37414956158133
2021-08-05 21:00:00,4134.8438,3717.0,29.13557955664947
2021-08-05 22:00:00,3309.551,3460.0,22.633742440980324
2021-08-05 23:00:00,2965.6123,3149.0,24.630547741083138
2021-08-06 00:00:00,2785.8218,2926.0,25.066956591337945
2021-08-06 01:00:00,2737.6052,2815.0,25.105597493364577
2021-08-06 02:00:00,2758.7188,2780.0,24.77446811824312
2021-08-06 03:00:00,2740.317,2784.0,24.385127505852974
2021-08-06 04:00:00,2742.54,2823.0,23.021368715756687
2021-08-06 05:00:00,3005.075,3067.0,25.468756612247706
2021-08-06 06:00:00,3269.707,3576.0,27.30380019751829
2021-08-06 07:00:00,3939.0308,4270.0,30.766767784000088
2021-08-06 08:00:00,4532.522,4798.0,33.870305675656844
2021-08-06 09:00:00,5031.763,5071.0,34.25039981019708
2021-08-06 10:00:00,5205.643,5228.0,35.16896772246812
2021-08-06 11:00:00,5212.5776,5226.0,36.34675389847059
2021-08-06 12:00:00,5334.8604,5357.0,33.66050354693945
2021-08-06 13:00:00,4950.4155,5367.0,29.846187069891265
2021-08-06 14:00:00,5305.6,5315.0,32.795661838820386
2021-08-06 15:00:00,5326.4536,5241.0,34.44808747369334
2021-08-06 16:00:00,4463.609,4990.0,28.852816529741034
2021-08-06 17:00:00,4742.975,4778.0,30.052774314962175
2021-08-06 18:00:00,4394.0186,4582.0,29.31218217242851
2021-08-06 19:00:00,4857.47,4253.0,31.53432582188377
2021-08-06 20:00:00,3902.5793,3954.0,28.153414160408147
2021-08-06 21:00:00,3660.4272,3746.0,27.68883474779914
2021-08-06 22:00:00,3273.647,3508.0,25.991131261537937
2021-08-06 23:00:00,3684.8362,3201.0,28.083235299368
2021-08-07 00:00:00,3292.5493,2970.0,28.42088774691635
2021-08-07 01:00:00,3316.0713,2849.0,28.079690344647638
2021-08-07 02:00:00,2640.6792,2805.0,24.683113295795913
2021-08-07 03:00:00,2602.81,2786.0,23.39152679595794
2021-08-07 04:00:00,2690.3887,2778.0,25.312372554130818
2021-08-07 05:00:00,2791.6821,2916.0,25.571589450309766
2021-08-07 06:00:00,3299.487,3234.0,28.626256769207618
2021-08-07 07:00:00,3474.3545,3660.0,30.208571548691587
2021-08-07 08:00:00,3759.4075,4056.0,30.537762624743166
2021-08-07 09:00:00,3962.1868,4204.0,29.96985132553197
2021-08-07 10:00:00,4183.247,4172.0,28.489353654059393
2021-08-07 11:00:00,4169.4893,4146.0,30.18959262603198
2021-08-07 12:00:00,4221.571,4124.0,31.177761646109968
2021-08-07 13:00:00,4207.7896,4052.0,30.270131683894682
2021-08-07 14:00:00,4259.6562,4018.0,36.041182220186435
2021-08-07 15:00:00,4232.442,3939.0,33.52666117307697
2021-08-07 16:00:00,4119.483,3913.0,30.006026187146645
2021-08-07 17:00:00,4072.7373,3971.0,27.494207780319293
2021-08-07 18:00:00,3682.1387,3912.0,25.810793554722792
2021-08-07 19:00:00,4086.4768,3683.0,30.089951642444504
2021-08-07 20:00:00,3359.985,3458.0,25.973897620133624
2021-08-07 21:00:00,3319.5767,3317.0,27.159186460891164
2021-08-07 22:00:00,4054.6934,3143.0,30.1560001609546
2021-08-07 23:00:00,2838.6306,2895.0,26.978458656200893
2021-08-08 00:00:00,3198.7107,2692.0,28.584493893337754
2021-08-08 01:00:00,3154.0874,2613.0,28.10715499655628
2021-08-08 02:00:00,2490.8787,2587.0,22.312811488038946
2021-08-08 03:00:00,3798.6406,2578.0,32.10708633185793
2021-08-08 04:00:00,2575.5825,2582.0,25.748497193699606
2021-08-08 05:00:00,2561.594,2634.0,24.251541761311536
2021-08-08 06:00:00,2833.074,2803.0,25.2469470920436
2021-08-08 07:00:00,3827.033,3029.0,31.53378922811764
2021-08-08 08:00:00,3854.4165,3259.0,32.5972289747779
2021-08-08 09:00:00,3740.3533,3382.0,29.77147642526083
2021-08-08 10:00:00,3924.8486,3450.0,30.89335588123179
2021-08-08 11:00:00,4061.7192,3443.0,29.14088643811308
2021-08-08 12:00:00,4083.3035,3424.0,28.382134081761468
2021-08-08 13:00:00,4049.1328,3428.0,31.77291146201814
2021-08-08 14:00:00,3486.0957,3463.0,26.313883626988275
2021-08-08 15:00:00,4041.9263,3489.0,31.849529565877226
2021-08-08 16:00:00,4050.255,3582.0,29.97024995942885
2021-08-08 17:00:00,3863.7937,3715.0,27.886021708410002
2021-08-08 18:00:00,3515.727,3717.0,24.8425569434826
2021-08-08 19:00:00,3787.6538,3498.0,28.593569552107827
2021-08-08 20:00:00,3768.8,3299.0,28.857529372595327
2021-08-08 21:00:00,3213.1465,3139.0,25.291234452177452
2021-08-08 22:00:00,3749.0217,2985.0,28.542283817146696
2021-08-08 23:00:00,3954.4595,2762.0,30.95395699044425
2021-08-09 00:00:00,3376.9153,,27.91931086239755
2021-08-09 01:00:00,2541.6182,,24.3676075510435
2021-08-09 02:00:00,3736.3875,,28.728801014017062
2021-08-09 03:00:00,3530.4304,,28.56549903001763
2021-08-09 04:00:00,2624.0708,,22.63775492442368
2021-08-09 05:00:00,2880.53,,25.795087266444924
2021-08-09 06:00:00,3265.237,,26.115689420575578
2021-08-09 07:00:00,3872.1086,,25.378591589203438
2021-08-09 08:00:00,4135.7383,,22.89982426388902
2021-08-09 09:00:00,4152.9497,,22.668032785725558
2021-08-09 10:00:00,4303.9824,,25.96213670972051
2021-08-09 11:00:00,4249.3325,,25.94060035198078
2021-08-09 12:00:00,4992.968,,30.43950113712794
2021-08-09 13:00:00,4252.4414,,24.57845342978428
2021-08-09 14:00:00,4440.107,,27.666565230663476
2021-08-09 15:00:00,4617.8735,,29.262618065305464
2021-08-09 16:00:00,4258.437,,26.271047984497898
2021-08-09 17:00:00,4213.411,,27.066838465579956
2021-08-09 18:00:00,4140.2573,,26.84762393363983
2021-08-09 19:00:00,4625.992,,29.671435563415418
2021-08-09 20:00:00,3759.5405,,26.443299249945763
2021-08-09 21:00:00,3601.444,,26.263399699360438
2021-08-09 22:00:00,3375.1655,,22.52784647071788
2021-08-09 23:00:00,3432.6406,,27.94924691749162
